<?xml version="1.0" encoding="utf-8" standalone="yes"?>
<window>
    <id>2012</id>
    <defaultcontrol>3</defaultcontrol>
    <allowoverlay>no</allowoverlay>
    <controls>
	
		<!--control>
			<type>image</type>
			<id>0</id>
			<width>1920</width>
			<height>1080</height>
			<texture>semi_trans_back_general_menu.png</texture>
			<animation effect="fade" time="400">windowopen</animation>
			<animation effect="fade" time="400">windowclose</animation>
			<visible>!window.isvisible(602)+!window.isvisible(2005)</visible>
		</control-->
		
    <control>
    	<description>group element</description>
      <type>group</type>
			<animation effect="fade" time="250">WindowOpen</animation>
			<animation effect="fade" time="0">WindowClose</animation>
			<animation effect="slide" start="0,200" end="0,0" tween="quadratic" easing="in" time="150" delay="0">WindowOpen</animation>
	
      <control>
      	<id>0</id>
        <type>image</type>
        <posX>441</posX>
        <posY>267</posY>
        <width>1040</width>
        <height>69</height>
        <texture>dialogmenutop.png</texture>
      </control>
	
      <control>
      	<id>0</id>
        <type>image</type>
        <posX>441</posX>
        <posY>336</posY>
        <width>1040</width>
        <height>609</height>
        <texture>dialogmenumiddle.png</texture>
      </control>
	
      <control>
      	<id>0</id>
        <type>image</type>
        <posX>441</posX>
        <posY>945</posY>
        <width>1040</width>
        <height>19</height>
        <texture>dialogmenubottom.png</texture>
      </control>
			
      <control>
      	<id>4</id>
        <description>Heading text label</description>
        <type>label</type>
        <posX>800</posX>
        <posY>286</posY>
				<width>820</width>
        <font>mediastream12tc</font>
        <textcolor>FFFFFFFF</textcolor>
        <label>181</label>
      </control>
			
      <control>
      	<id>3</id>
        <description>options listcontrol</description>
        <type>listcontrol</type>
        <onleft>3</onleft>
        <onright>3</onright>
        <posX>515</posX>
        <posY>390</posY>
        <width>490</width>
        <height>500</height>
        <textXOff2>875</textXOff2>
        <textYOff2>16</textYOff2>
        <spinPosX>1301</spinPosX>
        <spinPosY>890</spinPosY>
	<spinColor>ff006698</spinColor>
	<spinAlign>Right</spinAlign>
        <spinWidth>75</spinWidth>
        <spinHeight>55</spinHeight>
	<textureUp>arrow_round_up_nofocus.png</textureUp>
	<textureDown>arrow_round_down_nofocus.png</textureDown>
	<textureUpFocus>arrow_round_up_focus.png</textureUpFocus>
	<textureDownFocus>arrow_round_down_focus.png</textureDownFocus>
        <textXOff>35</textXOff>
        <textYOff>16</textYOff>
				<font>mediastream11c</font>
				<font>mediastream11c</font>
        <textcolor>FFFFFFFF</textcolor>
        <textcolor2>FFFFFFFF</textcolor2>
        <textcolorNoFocus>FFFFFFFF</textcolorNoFocus>
        <textcolorNoFocus2>FFFFFFFF</textcolorNoFocus2>
     		<selectedColor>FF000000</selectedColor>                
        <textureFocus>dialogmenubutton.png</textureFocus>
        <textureNoFocus>listbg_nf.png</textureNoFocus>
        <textureHeight>69</textureHeight>
        <spaceBetweenItems>1</spaceBetweenItems>
				<PinIconWidth>15</PinIconWidth>
				<PinIconHeight>15</PinIconHeight>
        <PinIconXOff>2000</PinIconXOff>
        <PinIconYOff>15</PinIconYOff>
				<unfocusedAlpha>255</unfocusedAlpha>
      </control>
      <control>
        <description>preview</description>
        <id>6</id>
        <type>image</type>
        <posX>1115</posX>
        <posY>500</posY>
        <width>200</width>
        <height>200</height>
      </control>

      <control>
	<type>button</type>
	<description>Exit button</description>
	<id>2</id>
	<posX>1420</posX>
	<posY>287</posY>
	<width>30</width>
	<height>30</height>
	<onleft>3</onleft>
	<onright>3</onright>
	<onup>3</onup>
	<ondown>3</ondown>
	<label>-</label>
	<textcolor>FFFFFFFF</textcolor>
	<textureFocus>top_exit_enabled.png</textureFocus>
	<textureNoFocus>top_exit_disabled.png</textureNoFocus>
      </control>

          <control>
                <description>Page Count Background</description>
		<type>image</type>
		<id>0</id>
		<posX>1062</posX>
		<posY>892</posY>
		<width>390</width>
		<height>48</height>
		<texture>mediacountbg_Spin.png</texture>
		<visible>yes</visible>
		<animation effect="fade" time="250">WindowOpen</animation>
		<animation effect="fade" time="250">WindowClose</animation>
		<animation effect="slide" time="150" start="1200,0">WindowOpen</animation>
		<animation effect="slide" time="250" end="1200,0">WindowClose</animation>
	</control>

	<control>
		<description>Page Count Label</description>
		<type>label</type>
		<label>30009</label>
		<id>0</id>
		<posX>1077</posX>
		<posY>899</posY>
		<font>mediastream12tc</font>
		<textcolor>ff909090</textcolor>
		<visible>yes</visible>
		<animation effect="fade" time="250">WindowOpen</animation>
		<animation effect="fade" time="250">WindowClose</animation>
		<animation effect="slide" time="150" start="1200,0">WindowOpen</animation>
		<animation effect="slide" time="250" end="1200,0">WindowClose</animation>
	</control>
    </control>
  </controls>
</window>