﻿<?xml version="1.0" encoding="utf-8"?>
<window>
  <id>757278</id>
  <defaultcontrol>300</defaultcontrol>
  <allowoverlay>yes</allowoverlay>
  <disabletopbar>no</disabletopbar>
  <define>#header.label:Logo Manager</define>
  <controls>
    <control>
      <description>default background</description>
      <type>image</type>
      <id>1</id>
      <posX>0</posX>
      <posY>0</posY>
      <width>1920</width>
      <height>1080</height>
      <texture>hover_my tv.png</texture>
      <shouldCache>true</shouldCache>
    </control>
    <!--import>TVSeries.background.xml</import-->
    <control>
      <id>0</id>
      <type>image</type>
      <posX>66</posX>
      <posY>34</posY>
      <width>61</width>
      <height>57</height>
      <texture>black_tv.png</texture>
    </control>
    <control>
      <description>Country</description>
      <id>0</id>
      <type>label</type>
      <label>Country: #LogoManager.Country</label>
      <posX>85</posX>
      <font>mediastream12tc</font>
      <posY>104</posY>
    </control>
    <control>
      <type>image</type>
      <id>0</id>
      <posX>0</posX>
      <posY>85</posY>
      <width>1920</width>
      <height>995</height>
      <texture>mainoverlaydetails.png</texture>
      <animation effect="slide" start="-771,0" end="0,0" tween="quadratic" time="300" delay="0">WindowOpen</animation>
      <animation effect="fade" time="600">WindowOpen</animation>
    </control>
    <!--control>
      <description>List Lines</description>
      <type>image</type>
      <id>1</id>
      <posX>250</posX>
      <posY>385</posY>
      <width>1429</width>
      <height>506</height>
      <texture>tv_frame.png</texture>
    </control-->
    <control>
      <description>Local List</description>
      <type>listcontrol</type>
      <id>270</id>
      <!--scrollOffset>2</scrollOffset-->
      <posX>95</posX>
      <posY>331</posY>
      <height>800</height>
      <width>1798</width>
      <textureHeight>200</textureHeight>
      <textXOff>0</textXOff>
      <font>mediastream12tc</font>
      <textYOff>90</textYOff>
      <textXOff2>1500</textXOff2>
      <dimColor>ffffffff</dimColor>
      <PinIconXOff>1500</PinIconXOff>
      <PinIconHeight>200</PinIconHeight>
      <PinIconWidth>200</PinIconWidth>
      <IconXOff>1000</IconXOff>
      <IconYOff>0</IconYOff>
      <itemWidth>200</itemWidth>
      <itemHeight>200</itemHeight>
      <!--textureFocus>thumbborder5.png</textureFocus>
      <textureNoFocus>-</textureNoFocus-->
      <!--pinPosX>1828</spinPosX>
      <spinPosY>1000</spinPosY-->
      <spinPosX>1747</spinPosX>
      <spinPosY>1023</spinPosY>
      <spinColor>ff006698</spinColor>
      <spinAlign>Right</spinAlign>
      <spinWidth>75</spinWidth>
      <spinHeight>55</spinHeight>
      <textureUp>arrow_round_up_nofocus.png</textureUp>
      <textureDown>arrow_round_down_nofocus.png</textureDown>
      <textureUpFocus>arrow_round_up_focus.png</textureUpFocus>
      <textureDownFocus>arrow_round_down_focus.png</textureDownFocus>
    </control>
    <control>
      <description>Channel Group</description>
      <posX>600</posX>
      <posY>200</posY>
      <height>50</height>
      <width>450</width>
      <font>mediastream11c</font>
      <type>button</type>
      <id>300</id>
      <label>Channel Group: #LogoManager.Group</label>
      <textureFocus>tv_button_focus.png</textureFocus>
      <textureNoFocus>tv_button_ no_focus.png</textureNoFocus>
      <textXOff>30</textXOff>
      <dimColor></dimColor>
      <onright>280</onright>
      <onleft>260</onleft>
      <onup>270</onup>
      <ondown>270</ondown>
    </control>
    <control>
      <description>Design</description>
      <posX>1100</posX>
      <posY>200</posY>
      <height>50</height>
      <width>400</width>
      <font>mediastream11c</font>
      <type>button</type>
      <id>280</id>
      <label>Design: #LogoManager.Design</label>
      <textureFocus>tv_button_focus.png</textureFocus>
      <textureNoFocus>tv_button_ no_focus.png</textureNoFocus>
      <textXOff>30</textXOff>
      <onright>290</onright>
      <onleft>300</onleft>
      <onup>270</onup>
      <ondown>270</ondown>
    </control>
    <control>
      <description>Grab</description>
      <posX>1550</posX>
      <posY>200</posY>
      <height>50</height>
      <width>300</width>
      <font>mediastream11c</font>
      <type>button</type>
      <id>290</id>
      <label>#LogoManager.State</label>
      <textureFocus>tv_button_focus.png</textureFocus>
      <textureNoFocus>tv_button_ no_focus.png</textureNoFocus>
      <textXOff>30</textXOff>
      <onright>260</onright>
      <onleft>280</onleft>
      <onup>270</onup>
      <ondown>270</ondown>
    </control>
    <control>
      <description>pack</description>
      <type>button</type>
      <id>260</id>
      <posX>53</posX>
      <posY>200</posY>
      <height>50</height>
      <width>499</width>
      <font>mediastream11c</font>
      <label>Package: #LogoManager.Package</label>
      <textureFocus>tv_button_focus.png</textureFocus>
      <textureNoFocus>tv_button_ no_focus.png</textureNoFocus>
      <textXOff>30</textXOff>
      <onright>300</onright>
      <onleft>280</onleft>
      <onup>270</onup>
      <ondown>270</ondown>
    </control>
    <control>
      <description>Page Count Background</description>
      <type>image</type>
      <id>0</id>
      <posX>1504</posX>
      <posY>1026</posY>
      <width>390</width>
      <height>48</height>
      <texture>mediacountbg_Spin.png</texture>
      <visible>yes</visible>
      <animation effect="fade" time="250">WindowOpen</animation>
      <animation effect="fade" time="250">WindowClose</animation>
      <animation effect="slide" time="150" start="1200,0">WindowOpen</animation>
      <animation effect="slide" time="250" end="1200,0">WindowClose</animation>
    </control>
    <control>
      <description>Page Count Label</description>
      <type>label</type>
      <label>30009</label>
      <id>0</id>
      <posX>1519</posX>
      <posY>1033</posY>
      <font>mediastream12tc</font>
      <textcolor>ff909090</textcolor>
      <visible>yes</visible>
      <animation effect="fade" time="250">WindowOpen</animation>
      <animation effect="fade" time="250">WindowClose</animation>
      <animation effect="slide" time="150" start="1200,0">WindowOpen</animation>
      <animation effect="slide" time="250" end="1200,0">WindowClose</animation>
    </control>
    <import>common.time.xml</import>
    <import>common.overlay.xml</import>
    <import>common.window.default.xml</import>
  </controls>
</window>